Row Labels,Average of Rating,Average of Discount
High,3.613333333,0.482033898
Low,3.8,0.078947368
Medium,4.286363636,0.313548387
Grand Total,3.889473684,0.363853211
